{
  "welford": {
    "n": 104,
    "mean": -0.6316476860918453,
    "M2": 132.35498370732088
  },
  "n_solutions_seen": 104
}